station_id,lat,lng,state
A256,-8.72972221,-49.85638888,PA
A001,-15.78944444,-47.92583332,DF
A401,-13.01666666,-38.51666666,BA
A101,-3.10333333,-60.01638888,AM
A601,-22.8,-43.68333333,RJ
A801,-30.05,-51.16666666,RS
A002,-16.64277777,-49.21999999,GO
A003,-17.71666667,-49.1,GO
A702,-20.45,-54.6,MS
A703,-22.5525,-55.71638888,MS
A704,-20.78999999,-51.71222222,MS
A402,-12.15,-45.01666666,BA
A705,-22.35805555,-49.02888888,SP
A802,-32.03333333,-52.1,RS
A803,-29.70833333,-53.70361111,RS
A804,-30.84249999,-55.61277777,RS
A805,-27.85416666,-53.7911111,RS
A901,-15.55916666,-56.72944443,MT
A902,-14.65,-57.41666666,MT
A904,-12.55,-55.71666666,MT
A905,-13.78333333,-57.83333333,MT
A906,-9.95,-54.88333333,MT
A404,-12.15222222,-45.82972221,BA
A405,-17.73333333,-39.26666666,BA
A502,-21.22888888,-43.76694443,MG
A505,-19.60555555,-46.94944444,MG
A506,-16.71666666,-43.86666666,MG
A507,-18.91722221,-48.25555555,MG
A508,-16.16666666,-40.68777777,MG
A602,-23.05,-43.6,RJ
A603,-22.58972221,-43.28222221,RJ
A604,-21.56666666,-41.95,RJ
A706,-22.75027777,-45.60388888,SP
A708,-20.57999999,-47.37999999,SP
A709,-22.30666666,-53.82722221,MS
A903,-13.45,-56.66666666,MT
A907,-16.45,-54.56666666,MT
A303,-9.55111111,-35.77027777,AL
A406,-12.65,-39.15,BA
A407,-13.52833332,-40.11972221,BA
A408,-12.51666666,-40.3,BA
A410,-14.65944444,-39.1811111,BA
A412,-12.11666666,-40.18333333,BA
A305,-3.83222221,-38.53777777,CE
A306,-3.73166666,-40.34555555,CE
A203,-2.52694443,-44.21305555,MA
A307,-9.38805555,-40.48944444,PE
A308,-3.08638888,-41.78333333,PI
A302,0.9,-29.31666666,RN
A304,-5.9,-35.2,RN
A409,-10.95027777,-37.05,SE
A201,-1.41027777,-48.43833333,PA
A202,-1.30083333,-47.93083332,PA
A707,-22.11999999,-51.4,SP
A807,-25.43333333,-49.26666666,PR
A806,-27.6025,-48.61999999,SC
A310,-6.97499999,-35.68499999,PB
A301,-8.05916666,-34.95944444,PE
A309,-8.41694443,-37.08333333,PE
A311,-6.76666666,-43.01666666,PI
A312,-5.07388888,-42.80694444,PI
A009,-10.18333333,-48.3,TO
A509,-22.86138888,-46.04333333,MG
A010,-12.615,-47.87194443,TO
A510,-20.76277777,-42.86388888,MG
A011,-18.96666666,-50.61666666,GO
A012,-16.27222222,-47.96638889,GO
A710,-19.69527777,-51.18138888,MS
A717,-18.98888888,-56.62305554,MS
A719,-20.47555554,-55.78388888,MS
A720,-18.51222222,-54.73583333,MS
A721,-22.19388888,-54.91138888,MS
A722,-20.38333333,-56.41666666,MS
A723,-21.70583333,-57.88666666,MS
A724,-18.99666666,-57.63749999,MS
A730,-18.80222222,-52.60277777,MS
A731,-21.60916666,-55.17777777,MS
A732,-19.42027777,-54.55305555,MS
A908,-14.01611111,-52.21222222,MT
A910,-9.56388888,-57.3936111,MT
A912,-15.52749999,-55.13555555,MT
A913,-13.70861111,-59.76277777,MT
A914,-11.28027777,-57.52666666,MT
A915,-14.42138888,-54.03527777,MT
A917,-11.98222221,-55.56583333,MT
A920,-11.36694443,-58.73305554,MT
A922,-15.06277777,-59.87277777,MT
A313,-7.24249999,-35.88888888,PB
A018,-12.01666666,-48.55,TO
A019,-11.74583333,-49.04972221,TO
A612,-20.26666666,-40.3,ES
A614,-19.35694444,-40.06861110000001,ES
A615,-20.63638888,-40.74138888,ES
A616,-18.71388888,-39.84833333,ES
A617,-20.75055555,-41.48888888,ES
A511,-19.5736111,-42.62222221,MG
A512,-18.95277777,-49.52499999,MG
A513,-20.54583333,-43.76944443,MG
A514,-21.22638888,-44.97944443,MG
A515,-21.56638888,-45.40416666,MG
A516,-20.74499999,-46.63388888,MG
A517,-21.10472222,-42.37583332,MG
A519,-19.53916666,-49.51805554,MG
A520,-19.98583333,-48.15138888,MG
A521,-19.88416666,-43.96944443,MG
A522,-17.7986111,-40.24972221,MG
A523,-18.99638888,-46.98583333,MG
A524,-20.45472222,-45.45388888,MG
A525,-19.87527777,-47.43416666,MG
A527,-17.9,-41.51666666,MG
A528,-18.20055555,-45.45972222,MG
A530,-21.91805554,-46.38305554,MG
A531,-22.31444444,-45.37277777,MG
A538,-18.76444444,-44.45361111,MG
A606,-22.98333333,-42.01666666,RJ
A607,-21.71666666,-41.35,RJ
A608,-22.38333333,-41.81666667,RJ
A609,-22.45,-44.45,RJ
A610,-22.48166666,-43.29138888,RJ
A611,-22.35,-43.7,RJ
A618,-22.44888888,-42.98722221,RJ
A619,-23.22333332,-44.72666666,RJ
A701,-23.48333333,-46.61666666,SP
A711,-21.97972221,-47.88333333,SP
A712,-24.71666666,-47.55,SP
A713,-23.35,-47.66666666,SP
A714,-23.98138888,-48.88527777,SP
A715,-23.85138888,-48.16444444,SP
A716,-22.9486111,-49.89416666,SP
A718,-22.37249999,-50.97416666,SP
A725,-23.09972221,-48.94555555,SP
A726,-22.70277777,-47.62305554,SP
A727,-21.66527777,-49.73416666,SP
A728,-23.04194444,-45.52027777,SP
A729,-20.40305555,-49.96583333,SP
A818,-25.01333333,-50.8711111,PR
A819,-24.78944444,-49.99972221,PR
A820,-24.53583333,-54.01972221,PR
A821,-23.50527777,-49.94638888,PR
A822,-24.43722221,-51.96305555,PR
A823,-25.56583333,-51.08944444,PR
A824,-23.39027777,-53.63472221,PR
A835,-23.40777777,-51.91666666,PR
A808,-29.35027777,-49.73305554,RS
A809,-29.84249999,-57.08249999,RS
A810,-27.89305555,-54.48055554,RS
A812,-30.54777777,-53.46749999,RS
A813,-29.87333332,-52.38249999,RS
A826,-29.71166666,-55.5261111,RS
A828,-27.66027777,-52.30638888,RS
A829,-28.75138888,-50.05833333,RS
A838,-30.81055555,-51.83472221,RS
A839,-28.22944443,-52.40388888,RS
A840,-29.16722221,-51.53472221,RS
A817,-26.91361111,-49.26749999,SC
A013,-15.90583333,-52.24388888,GO
A014,-15.93916666,-50.14138888,GO
A015,-14.98027777,-49.53944444,GO
A016,-17.92388888,-51.71777777,GO
A017,-14.08916666,-46.36638888,GO
A022,-15.22027777,-48.99027777,GO
A023,-16.96666666,-51.81749999,GO
A024,-14.13305554,-47.52305554,GO
A025,-17.78583333,-50.98138888,GO
A026,-17.45472222,-52.60111111,GO
A032,-13.24805555,-46.88972221,GO
A033,-17.30416666,-48.28416666,GO
A035,-18.40972222,-49.19194444,GO
A036,-16.78805555,-47.61166666,GO
A916,-12.5986111,-52.19444444,MT
A919,-9.90611111,-58.57194443,MT
A921,-11.61888888,-50.72777777,MT
A924,-9.84944444,-56.1,MT
A323,-9.76583333,-37.44777777,AL
A327,-9.42055554,-36.62027777,AL
A413,-12.19583333,-38.96722221,BA
A414,-14.8861111,-40.80138888,BA
A415,-11.01999999,-44.52499999,BA
A416,-13.33222221,-44.61722221,BA
A418,-13.41666666,-43.18416666,BA
A314,-4.26111111,-38.19749999,CE
A315,-7.31805554,-39.30166666,CE
A319,-6.39666666,-39.27027777,CE
A324,-6.01666666,-40.28166666,CE
A325,-5.17305554,-39.28722221,CE
A332,-5.13638888,-38.35638888,CE
A339,-4.85333333,-37.77694443,CE
A204,-7.45527777,-46.02749999,MA
A205,-7.33722221,-47.45972222,MA
A320,-7.16583333,-34.81527777,PB
A321,-7.07972221,-37.27249999,PB
A333,-6.75666666,-38.22749999,PB
A334,-7.89138888,-37.11527777,PB
A322,-8.90694444,-36.49472221,PE
A329,-8.50305555,-39.31388888,PE
A341,-8.236111099999999,-35.98583333,PE
A326,-9.08333333,-44.31666666,PI
A330,-8.07999999,-41.07999999,PI
A331,-8.36472222,-42.25083333,PI
A335,-4.26388888,-41.77805554,PI
A336,-8.44305555,-43.86472222,PI
A337,-9.2861111,-43.32444443,PI
A338,-3.90083333,-42.23694444,PI
A316,-6.45972222,-37.08888888,RN
A317,-5.15111111,-36.57305554,RN
A318,-4.90388888,-37.36694443,RN
A340,-5.62638888,-37.815,RN
A417,-11.27249999,-37.79472221,SE
A212,-3.01027777,-47.34305555,PA
A213,-2.6,-48.36666666,PA
A925,-8.76388888,-63.47499999,RO
A020,-8.968611099999997,-48.19416666,TO
A021,-7.10416666,-48.20111111,TO
A613,-19.98833333,-40.57944443,ES
A518,-21.76999999,-43.36416666,MG
A526,-15.08583333,-44.01583333,MG
A529,-22.3961111,-44.96166666,MG
A532,-18.83027777,-41.97666666,MG
A533,-18.78666666,-42.94305555,MG
A534,-19.53277777,-41.09083333,MG
A536,-19.48166666,-45.59388888,MG
A537,-18.2311111,-43.64805555,MG
A539,-15.08583333,-44.01611111,MG
A540,-18.78027777,-40.98583333,MG
A541,-17.70527777,-42.38916666,MG
A542,-16.55388888,-46.88194443,MG
A543,-14.91277777,-42.82972221,MG
A544,-15.52416666,-46.43555555,MG
A545,-17.25777777,-44.83555555,MG
A546,-17.56166666,-47.19944444,MG
A547,-16.3625,-45.12388888,MG
A548,-15.31,-45.61666666,MG
A549,-15.75222222,-41.45833333,MG
A550,-16.57555554,-41.48527777,MG
A551,-15.72277777,-42.43527777,MG
A552,-16.16027777,-42.31027777,MG
A553,-17.78472221,-46.11916666,MG
A554,-19.73583333,-42.15361111,MG
A621,-22.86083333,-43.41111111,RJ
A652,-22.98833333,-43.19027777,RJ
A733,-20.165,-50.59499999,SP
A734,-21.31916666,-50.93027777,SP
A735,-21.08555555,-49.92055554,SP
A736,-21.13305554,-48.84027777,SP
A737,-21.85555555,-48.66666666,SP
A738,-21.77972221,-47.07972221,SP
A739,-22.415,-46.80527777,SP
A740,-23.22833332,-45.41722221,SP
A842,-23.40694444,-50.57777777,PR
A843,-25.69472221,-53.09444444,PR
A847,-25.49444444,-48.32583332,PR
A855,-25.72194443,-53.74805555,PR
A811,-31.40583333,-52.70111111,RS
A827,-31.34777777,-54.01333333,RS
A830,-28.64944444,-56.01555555,RS
A831,-30.36861110000001,-56.43722221,RS
A832,-30.34138888,-54.31083333,RS
A836,-32.53749999,-53.37638888,RS
A844,-28.22194443,-51.51222222,RS
A852,-28.41694443,-54.96222222,RS
A853,-28.60361111,-53.6736111,RS
A854,-27.39555555,-53.41277777,RS
A841,-27.16944443,-51.57555554,SC
A845,-28.13333333,-49.48333333,SC
A851,-26.0811111,-48.64166666,SC
A045,-15.59638888,-47.62583332,DF
A027,-16.94583333,-50.42527777,GO
A034,-18.15777777,-47.92638888,GO
A742,-19.12249999,-51.72083332,MS
A743,-21.77472221,-54.52805554,MS
A749,-22.85722222,-54.60555555,MS
A750,-23.0025,-55.32944443,MS
A751,-23.96694443,-55.02416666,MS
A752,-23.44944444,-54.18166666,MS
A754,-20.98166666,-54.97194443,MS
A926,-10.00527777,-55.79055555,MT
A927,-12.87194443,-58.38722221,MT
A928,-13.06555555,-57.15611111,MT
A929,-13.68638888,-54.95611111,MT
A930,-13.18472221,-53.2575,MT
A931,-14.92777777,-53.8836111,MT
A932,-16.34166666,-53.76611111,MT
A933,-17.29722221,-54.83722221,MT
A934,-17.81555555,-53.28749999,MT
A935,-15.54638888,-57.38166666,MT
A936,-15.13583333,-58.115,MT
A937,-15.25111111,-59.34666666,MT
A353,-9.80416666,-36.61888888,AL
A355,-10.14527777,-36.28638888,AL
A356,-9.28749999,-35.56583333,AL
A422,-17.96416666,-38.6961111,BA
A423,-9.60277777,-42.10277777,BA
A424,-11.32888888,-41.86444444,BA
A425,-12.55722222,-41.38888888,BA
A426,-14.20805555,-42.74944444,BA
A427,-16.38916666,-39.18249999,BA
A428,-10.44305555,-40.14833333,BA
A429,-11.08472221,-43.13916666,BA
A430,-13.15583333,-41.77416666,BA
A431,-11.8,-37.59972221,BA
A432,-10.72305554,-43.65111111,BA
A433,-14.18166666,-41.67222221,BA
A434,-13.00944444,-39.61694443,BA
A435,-9.8336111,-39.49555555,BA
A436,-10.98472221,-39.61694443,BA
A437,-15.27999999,-39.091111100000006,BA
A438,-13.90722222,-38.97222221,BA
A439,-12.19249999,-43.2125,BA
A440,-11.205,-40.465,BA
A441,-11.66444444,-39.02305554,BA
A442,-10.53722221,-38.99666666,BA
A443,-10.455,-41.20722222,BA
A342,-5.1861111,-40.66999999,CE
A347,-7.07805554,-40.36305555,CE
A358,-5.90527777,-38.62777777,CE
A359,-3.48388888,-39.58833333,CE
A206,-3.74277777,-43.35194444,MA
A207,-5.82472221,-46.15944444,MA
A217,-2.27083332,-43.62388888,MA
A218,-2.59249999,-42.70722222,MA
A219,-1.66166666,-45.37277777,MA
A220,-4.24305555,-44.79499999,MA
A221,-5.50666666,-45.23694444,MA
A222,-6.03333333,-44.23333333,MA
A223,-9.10805555,-45.93194443,MA
A224,-6.65333333,-47.41833332,MA
A225,-5.55555555,-47.45972222,MA
A237,-4.82138888,-43.3436111,MA
A238,-4.32055554,-46.44972221,MA
A348,-7.48333333,-36.28638888,PB
A352,-6.56083333,-35.13472221,PB
A328,-7.83694444,-35.79611110000001,PE
A349,-8.50944444,-37.71138888,PE
A350,-7.95361111,-38.29472221,PE
A351,-8.593611099999999,-38.58388888,PE
A357,-8.66638888,-35.56805554,PE
A343,-7.07083332,-41.40416666,PI
A345,-9.03305554,-42.70055555,PI
A346,-7.47472221,-44.34472221,PI
A354,-6.97416666,-42.14694444,PI
A344,-5.16,-35.45416666,RN
A419,-10.73749999,-38.10777777,SE
A420,-10.39944444,-37.74722221,SE
A421,-10.47944443,-36.48194443,SE
A102,-9.3575,-69.92722221,AC
A104,-9.95777777,-68.165,AC
A110,-8.77666666,-67.33222221,AM
A111,-7.43527777,-64.7886111,AM
A112,-7.92277777,-63.12138888,AM
A113,-7.21527777,-59.88861110000001,AM
A117,-4.09749999,-63.14527777,AM
A119,-3.29472221,-60.62833332,AM
A120,-2.05638888,-60.02555554,AM
A121,-3.13305554,-58.48277777,AM
A122,-3.39888888,-57.6736111,AM
A123,-2.64055555,-56.75472222,AM
A124,-2.89638888,-57.75833333,AM
A125,-2.7211111,-59.94333333,AM
A126,-2.08499999,-60.04888888,AM
A128,-0.95861111,-62.94222221,AM
A242,3.81361111,-51.8625,AP
A209,-3.51083333,-52.96361111,PA
A210,-3.8436111,-50.63805555,PA
A211,-3.881111100000001,-54.2461111,PA
A214,-4.82749999,-48.17333332,PA
A215,-0.6186111,-47.35666666,PA
A226,-1.04527777,-46.78277777,PA
A227,-0.81111111,-48.51583333,PA
A229,-3.82277777,-49.67499999,PA
A230,-6.07749999,-50.14222221,PA
A231,-4.27638888,-55.99305555,PA
A233,-9.3386111,-50.35027777,PA
A234,-6.743611099999999,-51.14222221,PA
A235,-4.23444444,-49.94277777,PA
A236,-2.2486111,-49.49305555,PA
A241,-8.25916666,-49.27416666,PA
A938,-12.73472221,-60.15777777,RO
A939,-11.44583333,-61.43416666,RO
A940,-9.94888888,-62.96194444,RO
A038,-11.59416666,-46.84722221,TO
A039,-11.98722221,-49.60833333,TO
A622,-21.10111111,-41.03888888,ES
A623,-18.69527777,-40.4075,ES
A535,-19.88527778,-44.41694444,MG
A555,-20.0311111,-44.01111111,MG
A620,-22.04166666,-41.05194444,RJ
A741,-22.37083332,-48.55722222,SP
A746,-24.96305555,-48.41638888,SP
A747,-21.33833333,-48.11388888,SP
A753,-20.35944444,-47.77499999,SP
A846,-25.60194444,-54.48305554,PR
A849,-22.63388888,-52.85888888,PR
A850,-22.49166666,-52.13444444,PR
A869,-23.37583332,-52.93194443,PR
A871,-23.77305554,-50.18055554,PR
A873,-25.51277777,-48.80861111,PR
A875,-26.398611100000004,-51.35444444,PR
A876,-26.41722221,-52.34888888,PR
A834,-30.00972222,-50.13527777,RS
A837,-28.85361111,-52.55833333,RS
A856,-27.92166666,-53.31694443,RS
A878,-31.24777777,-50.90555555,RS
A879,-29.36888888,-50.82749999,RS
A880,-28.51361111,-50.88277777,RS
A899,-33.74166666,-53.37138888,RS
A814,-28.53249999,-49.31555555,SC
A815,-28.27555554,-49.93444444,SC
A816,-26.40694444,-52.85055555,SC
A848,-26.28638888,-53.63277777,SC
A857,-26.77666666,-53.50444444,SC
A858,-26.938611100000006,-52.415,SC
A859,-26.81944443,-50.98555555,SC
A860,-27.288611100000004,-50.60416666,SC
A861,-26.93749999,-50.14638888,SC
A862,-26.248611100000005,-49.58055554,SC
A863,-27.41833332,-49.64666666,SC
A866,-28.60416666,-48.81333333,SC
A867,-28.93138888,-49.49805555,SC
A444,-13.3436111,-39.12666666,BA
A445,-14.17138888,-39.69249999,BA
A446,-15.24472221,-40.22944443,BA
A447,-16.08805555,-39.21555555,BA
A360,-3.12083332,-40.08694444,CE
A361,-5.34916666,-41.51222222,PI
A362,-5.91111111,-42.7186111,PI
A363,-6.39916666,-41.73999999,PI
A364,-9.87472221,-45.34638888,PI
A136,-8.26694443,-72.74777777,AC
A137,-8.95,-72.78666666,AC
A138,-8.24194444,-70.57527777,AC
A140,-11.023611099999998,-68.73499999,AC
A240,-5.16722221,-49.37916666,PA
A044,-5.643611099999998,-48.11166666,TO
A833,-29.19138888,-54.88555555,RS
A864,-26.393611100000005,-50.36333333,SC
A037,-16.67694443,-48.61805554,GO
A756,-20.44444444,-52.87555554,MS
A366,-7.88472221,-40.10111111,PE
A365,-8.11777777,-42.00888888,PI
A367,-6.22777777,-36.02638888,RN
A246,-6.31972221,-55.78722221,PA
A135,2.81694443,-60.69083333,RR
A556,-20.26361111,-42.18277777,MG
A624,-22.33305554,-42.67722221,RJ
A748,-20.55888888,-48.54472221,SP
A881,-31.0025,-54.61805554,RS
A868,-26.95083333,-48.76194444,SC
A757,-22.10083333,-56.53999999,MS
A758,-21.47833332,-56.13694444,MS
A909,-17.33944444,-53.22416666,MT
A133,-5.81055555,-61.29194444,AM
A134,-0.12499999,-67.06111111,AM
A248,-1.73472221,-47.0575,PA
A657,-20.10416666,-41.10694444,ES
A755,-23.52333332,-46.86916666,SP
A872,-24.23833333,-50.24555555,PR
A874,-25.83499999,-50.3686111,PR
A760,-18.82277777,-53.26722221,MS
A761,-17.89638888,-54.45361111,MS
A941,-16.07444443,-57.69277777,MT
A109,-6.65027777,-69.86694443,AM
A232,-5.36583333,-49.12527777,PA
A239,-2.0,-54.07583332,PA
A040,-10.42999999,-45.91999999,TO
A041,-9.57666666,-49.72333332,TO
A043,-8.15472222,-46.63916666,TO
A557,-21.54694444,-43.26111111,MG
A882,-29.45027777,-51.82416666,RS
A883,-28.65333333,-53.11194444,RS
A028,-16.42305554,-51.14805555,GO
A759,-21.75138888,-52.47055554,MS
A249,0.03527777,-51.0886111,AP
F501,-19.97999999,-43.95861111,MG
A884,-29.67444443,-51.06416666,RS
A046,-15.93527777,-48.13749999,DF
A865,-27.80222222,-50.33555555,SC
A448,-9.00138888,-39.91277777,BA
A450,-10.08083332,-38.34583333,BA
A108,-7.61055555,-72.405,AC
A250,-2.50277777,-54.72027777,PA
A052,-11.04638888,-48.18555555,TO
A054,-12.59222221,-49.528611100000006,TO
A561,-20.91,-47.11416666,MG
A659,-22.64583333,-42.41583333,RJ
A667,-22.8711111,-42.60916666,RJ
A449,-10.00222222,-42.47333332,BA
A452,-11.05222222,-45.20083333,BA
A454,-13.03888888,-42.61722221,BA
A455,-17.00722222,-39.55138888,BA
S108,-2.7,-44.85,MA
S102,-2.93055554,-69.69527777,AM
S103,-3.02249999,-60.05555555,AM
S105,-4.25055555,-69.93499999,AM
S115,0.59944444,-69.19194444,AM
S116,-4.52999999,-71.61749999,AM
S117,-3.37722221,-64.72305554,AM
S121,-0.41444444,-65.01749999,AM
A216,-6.63972221,-51.95694444,PA
A247,-7.11027777,-49.92583332,PA
S107,-4.28999999,-47.55,PA
S111,-3.8,-47.51,PA
S120,-6.23722221,-57.77499999,PA
S101,-12.42999999,-64.41999999,RO
S104,-12.75055555,-60.14916666,RO
S110,-10.78999999,-65.33277777,RO
S113,0.94777777,-59.74638888,RR
S114,4.47749999,-61.14916666,RR
A048,-7.12416666,-48.78138888,TO
A049,-8.09277777,-48.4786111,TO
A050,-9.16,-47.13277777,TO
A051,-10.47694443,-49.62944443,TO
A053,-11.28416666,-47.21222222,TO
A055,-10.80833333,-49.84777777,TO
A559,-15.44805555,-44.36638888,MG
A563,-15.80277777,-43.29694444,MG
A565,-20.0311111,-46.00861111,MG
A569,-19.455,-44.17333332,MG
S122,3.35888888,-59.82388888,MG
A625,-22.09833333,-43.20861111,RJ
A626,-22.65361111,-44.04083333,RJ
A762,-21.45777777,-51.55222222,SP
A764,-20.94916666,-48.48972221,SP
B803,-24.57083332,-52.8025,PR
B804,-25.36888888,-52.39194444,PR
B806,-25.32222221,-49.1575,PR
A886,-29.89388888,-53.82666666,RS
A889,-29.70194444,-54.69416666,RS
A894,-28.70472222,-51.87055554,RS
A897,-29.04888888,-50.14944444,RS
A870,-27.678611100000005,-49.04194444,SC
A042,-15.59972221,-48.13111110000001,DF
A047,-16.01111111,-47.5575,DF
A029,-17.33694444,-49.91472222,GO
A031,-12.81972221,-50.34166666,GO
A911,-10.16583333,-59.45111111,MT
A923,-15.57999999,-54.38111110000001,MT
A371,-9.62222221,-37.76722221,AL
A373,-7.318611099999999,-38.14083333,PB
A370,-8.05805555,-39.0961111,PE
A372,-5.53499999,-36.87222221,RN
A451,-10.67166666,-37.47138888,SE
A453,-10.20777777,-37.43194443,SE
A251,0.56777777,-50.8236111,AP
A228,-1.68027777,-50.47805554,PA
A631,-18.29166666,-40.73638888,ES
A632,-19.40722222,-40.53972221,ES
A633,-20.25222222,-41.18999999,ES
A634,-20.46694443,-40.40416666,ES
A562,-18.52055554,-46.44055555,MG
A564,-20.17305554,-44.87472221,MG
A566,-16.84888888,-45.03527777,MG
A567,-21.68083332,-45.94444444,MG
A568,-19.71,-47.96166666,MG
A570,-20.71472222,-44.86444444,MG
A628,-22.97583332,-44.30333333,RJ
A635,-22.37388888,-44.70305555,RJ
A636,-22.93972221,-43.40277777,RJ
A744,-23.95194444,-46.53055554,SP
A763,-22.23527777,-49.965,SP
A765,-23.84499999,-46.14305555,SP
A766,-24.53305554,-47.86416666,SP
A767,-23.81083333,-45.4025,SP
A768,-21.92722221,-50.49027777,SP
A769,-22.68888888,-45.00555555,SP
A005,-13.51444444,-49.19833333,GO
A056,-16.39944444,-47.62583332,GO
S701,-22.14805555,-53.76361111,MS
S702,-22.955,-55.6261111,MS
S703,-19.94555555,-54.3686111,MS
S704,-21.24666666,-56.45055555,MS
S705,-21.29833333,-52.06888888,MS
S706,-22.65694444,-54.81944443,MS
S707,-19.58749999,-54.02999999,MS
S708,-22.30861111,-54.32583332,MS
S709,-23.64444444,-54.57027777,MS
S710,-22.09277777,-54.79888888,MS
S711,-22.57527777,-55.16027777,MS
S712,-21.45111111,-54.34194444,MS
S713,-22.0786111,-53.46583333,MS
S714,-18.07277777,-54.54888888,MS
S715,-20.46666666,-53.76305555,MS
S716,-21.30583333,-52.82027777,MS
S717,-20.35138888,-51.43027777,MS
A456,-12.80833333,-38.49583333,BA
A458,-11.05861111,-38.44416666,BA
A368,-3.73222221,-41.01194444,CE
A369,-4.97888888,-39.05722222,CE
A374,-10.42916666,-45.17305554,PI
A375,-8.33749999,-45.09472221,PI
A376,-4.86416666,-42.14555555,PI
A252,-4.28055554,-47.56388888,PA
A253,-3.27027777,-52.39472221,PA
A571,-17.24416666,-46.88166666,MG
A627,-22.86749999,-43.10194444,RJ
A629,-21.9386111,-42.60083333,RJ
A630,-21.95055555,-42.01055555,RJ
A771,-23.72472221,-46.67805554,SP
A893,-30.54305555,-52.52472221,RS
A942,-10.48416666,-52.37249999,MT
A943,-11.98777777,-51.4261111,MT
A944,-14.82888888,-56.44194444,MT
A255,-3.26916666,-45.65111111,MA
A377,-6.08944444,-42.72749999,PI
A144,-8.0911111,-60.38055554,AM
A244,0.69444444,-51.40416666,AP
A254,-8.04333333,-50.00694444,PA
A770,-21.46111111,-47.57944443,SP
A825,-24.15833333,-53.03055554,PR
A887,-31.8025,-52.40722222,RS
A895,-27.95527777,-52.63555555,SC
A898,-27.3886111,-51.21583333,SC
